7619,What can you achieve with #MachineLearning? #SASexpert @HeleniusPasi explains as part of this month's Data Science‚Ä¶ https://t.co/fnLX1s6TSc,10
2194,RT @Gabe_NM: This is bizarre! One of the many reasons we need to rely on science and data. Pobres pajaritos.,11
6358,"RT @angthehan: Haven‚Äôt watched The Social Dilemma, but I received an email from one of those data science bootcamps on a free 1.5 hr class‚Ä¶",12
3487,Q: What science/tech exists to understand if you get right results for right reasons (continued)?\n\n@avicgoldfarb: Y‚Ä¶ https://t.co/cP0VJtNfxd,13
3642,"With more schools engaged in online learning, Jaideep Vaidya, director of the Rutgers Institute for  Data Science,‚Ä¶ https://t.co/8YNg58hdXA",14
2134,RT @CARTO: Last call for registrations to our webinar with @databricks tomorrow!\n\nA fantastic opportunity to discover more about how our pl‚Ä¶,15
4278,@NYGovCuomo Science is data collection.  Let‚Äôs all encourage the data collection of the nursing home deaths in NY.‚Ä¶ https://t.co/wCBBr8GgUy,16
1878,RT @Wally_hrm: ‚è≥RECHERCHE D'UNE ALTERNANCE ‚è≥\n\nActuellement √©tudiant en M2 de math√©matiques appliqu√©es √† Versailles. Je recherche une altern‚Ä¶,17
4767,RT @j_wolak_: Colorado is hiring a faculty director for a new Data Science masters program. (non-tenure track senior instructor)\n\nA great o‚Ä¶,18
2690,"Data Strategy: Good Data vs. Bad Data | by Sven Balnojan | Sep, 2020 | Towards Data Science https://t.co/PJE1shGEDG",19
6696,RT @Neoavatara: Have you found the lost scientific data on deaths in nursing homes yet?\n\nBecause that data wasn't lost because of science..‚Ä¶,20
1403,RT @GeoRebekah: Looking to add some data science talks and my keynote from this year's Data Science Conference to your morning playlist? Li‚Ä¶,21
3850,Data Science is just: injects sea cut said.,22
7580,RT @Bayer4Crops: Aerial drones enable farmers to condense an exhausting 8-hour day of manual labor into a 15-minute remote flight. See how‚Ä¶,23
2857,RT @DataScienceFEM: üíÅüèª‚Äç‚ôÄÔ∏èOrgullo colombianoüá®üá¥ Cindy Orozco #KEYNOTE #WiDSMedell√≠nüíö Estudiante PhD Computacional y Matem√°tica en @Stanford c‚Ä¶,24
405,"@eoteromuras @AmamDeus @dan_s_becker I did not invented the term, I saw it at this great post https://t.co/uaUpSB9PIW by @eugeneyan",25
3295,RT @TDataScience: 5 Steps to Develop Unique Data Science Project Ideas https://t.co/3Sz4VHYvE4,26
2383,@John_Rossomando @brhodes Lmfao this isn‚Äôt a bandwagon fallacy. The science and data is there that conclusively say‚Ä¶ https://t.co/x3R7uueruT,27
2467,"RT @UoL_UGrad_LSE: The University of London now offers supported online degrees in fields like economics, business and management, and data‚Ä¶",28
9149,"RT @SnapCloud: And because we love it so much... \nHere's @kalayawa's teaser for our upcoming @openSAP course \From Media Computation to Dat‚Ä¶""",29
6563,"RT @GeorgeTakei: No, Donald. It will not ‚Äústart getting cooler‚Äù on its own. And Covid-19 will not just disappear. This is what we call ‚Äúmag‚Ä¶",30
2492,@kareem_carr I think having to go through this loop and think very hard about data collection is exactly why a lot‚Ä¶ https://t.co/C00HWKXr0M,31
9687,"@NYGovCuomo The people in charge of the data for science can manipulate the data and lie... science is real, but th‚Ä¶ https://t.co/ZR5yvOOELe",32
5852,RT @ipfconline1: 10 Free Must-Read #DataScience and #MachineLearning E-Books in 2020 \n\nhttps://t.co/wKtpqqFD15 via @Brainstormingbox\nCc @sa‚Ä¶,33
5020,Join the Q&amp;A with @KirkDBorne and @AnalyticSteve as they discuss understanding the spread of COVID-19 with‚Ä¶ https://t.co/kKZQKJnScJ,34
9789,RT @kiessl: Hey paleo folks and everybody interested in data science. We at @FAU_Germany have a challenge for you: https://t.co/dCatyYUOPe‚Ä¶,35
8202,"RT @ZLabe: This is one of my favorite visuals, especially this time of year (season transitions) - migration patterns of birds varying with‚Ä¶",36
6039,RT @DmitriObergfell: The ethics of data science and programming need to be interrogated more,37
7248,@PeteSinclair343 @davidgura That IS science. Scientists respond to new &amp; more accurate data. Scientists have been d‚Ä¶ https://t.co/gAb7vQD4y5,38
2466,"Hi PARIS! @HECParis &amp; @IP_Paris are proud to announce the launch of #HiPARIScenter, a Center on #AI and Data Analyt‚Ä¶ https://t.co/shmSuW0S4F",39
6958,RT @BaccarelliAA: Are you interested to learn how data science can propel your career/work? Join tomorrow's webinar (9 PM ET) with our coll‚Ä¶,10
3175,"@NYGovCuomo \Science knows\"" is the tail wagging a dog. Science per Aristotle was the means of classifying observabl‚Ä¶ https://t.co/iyAWbbzoFN""",11
3397,"@PurpleIllusn @OfficialCWH Oh, actually I watched that. Emotional blackmail, bad data, bad science, and twisting of‚Ä¶ https://t.co/LizJpuPMYX",12
7460,"Are you interested in a career in analytics? üìà \nHear about the experience from Saj Khan, a Customer Data Science &amp;‚Ä¶ https://t.co/biLKJy4PHM",13
1479,Possible sign of life on Venus stirs up heated debate\n\n‚ÄúSomething weird is happening‚Äù in the clouds of the planet n‚Ä¶ https://t.co/biozZp0eJj,14
3209,"RT @angthehan: Haven‚Äôt watched The Social Dilemma, but I received an email from one of those data science bootcamps on a free 1.5 hr class‚Ä¶",15
5979,"@GraceArockin @planesandcoco @RSBNetwork @realDonaldTrump There are intelligent people who are  religious, just as‚Ä¶ https://t.co/pK82jET6a8",16
8449,"Data from the citizen science platform eBird  provide evidence that protected areas help conserve forest-dependent,‚Ä¶ https://t.co/LGO8qGTR26",17
4439,RT @Wally_hrm: ‚è≥RECHERCHE D'UNE ALTERNANCE ‚è≥\n\nActuellement √©tudiant en M2 de math√©matiques appliqu√©es √† Versailles. Je recherche une altern‚Ä¶,18
7970,"RT @GeorgeTakei: No, Donald. It will not ‚Äústart getting cooler‚Äù on its own. And Covid-19 will not just disappear. This is what we call ‚Äúmag‚Ä¶",19
3547,"RT @GeorgeTakei: No, Donald. It will not ‚Äústart getting cooler‚Äù on its own. And Covid-19 will not just disappear. This is what we call ‚Äúmag‚Ä¶",20
1615,RT @Wally_hrm: ‚è≥RECHERCHE D'UNE ALTERNANCE ‚è≥\n\nActuellement √©tudiant en M2 de math√©matiques appliqu√©es √† Versailles. Je recherche une altern‚Ä¶,21
8275,"RT @ZLabe: This is one of my favorite visuals, especially this time of year (season transitions) - migration patterns of birds varying with‚Ä¶",22
1106,"Wow, this is wild! @IceSheetMike is one of the skeleton crew of scientists headed to Antarctica for the 20/21 seaso‚Ä¶ https://t.co/mjIywlHouT",23
2048,3-Day Virtual Event: UMD Launches the new Social Data Science Center (SoDa) featuring panel discussions by leading‚Ä¶ https://t.co/3j0aeOecrz,24
1948,"For folks deciding any sort of next steps, recent biotech startups are worth your time considering. Advances in aut‚Ä¶ https://t.co/EcAWqgCFL9",25
539,"@CBSNews I remember learning in 8th grade Earth Science c.1988, that the entire world had 20 years left of oil rese‚Ä¶ https://t.co/RIzgvJveYP",26
9666,"[Meet the Expert] Engage in a live conversation with graph technology expert @DeniseKGosnell, learn how to employ ‚Äú‚Ä¶ https://t.co/c9AFgSCidV",27
2441,Are you interested to learn how data science can propel your career/work? Join tomorrow's webinar (9 PM ET) with ou‚Ä¶ https://t.co/x4f7jF5oaR,28
9295,"RT @ByTomFrank: @sciam Scientific American endorses a presidential candidate for the first time in its 175-year history. \It's time to move‚Ä¶""",29
759,"RT @angthehan: Haven‚Äôt watched The Social Dilemma, but I received an email from one of those data science bootcamps on a free 1.5 hr class‚Ä¶",30
1826,"@RealappraiserSC @GGMM_2020 @DarkCloset911 @thehill Science is ok saying I don't know, unlike you. They say we don'‚Ä¶ https://t.co/A0sR7D2cq5",31
9952,"@sciam Scientific American endorses a presidential candidate for the first time in its 175-year history. \It's time‚Ä¶ https://t.co/X9MEQBu3ZB""",32
8667,"RT @VABVOX: Very crucial data and tracks with how in Asian countries where mask wearing is commonplace &amp; a sign of mutual social respect, #‚Ä¶",33
7999,RT @albmllt: Great article with cues from @frogdesign to infuse data science into design thinking processes to achieve better outcomes\n\nhtt‚Ä¶,34
8438,@EthicsGradient We do! Donna is a brilliant data engineer. Imagine having representatives that believe in science üôÑ,35
8964,"RT @OfficialIndiaAI: This week's Women in AI features Neha M, Data Engineer at @_AskSid, where she speaks about her AI journey and how star‚Ä¶",36
7749,"RT @retired_sd: I believe, understand, and TRUST #Science but sadly lost confidence in @CDCgov when they started ‚Äúmessing‚Äù with data/stats!‚Ä¶",37
569,@natmaan @respect4all5 @JournalStarNews @MayorLeirion The party of science doesn't do numbers and data.  They do mandates and fear.,38
1911,"RT @DrArowoloAyoola: 12 years ago, I was a complete novice in data science. I happened on this career path by chance and afterwards, it has‚Ä¶",39
1896,"@Earthley_Jordyn @AphexIsHere No, it's based on data and SCIENCE. \n\nSee? we're on that again.",10
3368,RT @JohnBasham: As a meteorologist (not being political) I'd suggest @realDonaldTrump is absolutely correct. Climate science is discovering‚Ä¶,11
1994,"I believe, understand, and TRUST #Science but sadly lost confidence in @CDCgov when they started ‚Äúmessing‚Äù with dat‚Ä¶ https://t.co/7RvxcZjyOH",12
2731,"RT @UoL_UGrad_LSE: The University of London now offers supported online degrees in fields like economics, business and management, and data‚Ä¶",13
6686,@subu_caps Many thanks. So it is indeed a universal factor. With enough co-located/proximally located reference dat‚Ä¶ https://t.co/8MjeSxyyLP,14
3829,"@ryanllashton Looking at the raw data concerning infections, deaths, and recoveries and weighing that with the broa‚Ä¶ https://t.co/l8FRPpTOfF",15
8750,RT @NorthStarSG: Many companies lack the resources to fully act on their data &amp; compete in the #COVID19 #remote #NewNormal.\n\n#BigNews: We'v‚Ä¶,16
5044,"RT @ewenharrison: Delighted that R for Health Data Science from @_Riinu_  and me will be available in November! \nYes, hitting the shelves i‚Ä¶",17
6435,PERPANJANGAN PENDAFTARAN THEMATIC ACADEMY (BIG DATA FOR SOCIAL SCIENCE)\n\nHi Digiers!\n\nMindsy membawa kabar baik lag‚Ä¶ https://t.co/dPSH57CvdT,18
6883,RT @everythingCour1: Math for Data Science and Machine Learning: University Level \n\nüî•https://t.co/TBre1GfskVüî•\n\n#DeepLearning #Analytics #Da‚Ä¶,19
9438,RT @NasscomFS: Here comes the much awaited AI Classroom Series by @MicrosoftIndia in collab with @NasscomFS. The registration for the sessi‚Ä¶,20
6408,RT @DavidPraiseKalu: Introduction to Vectors and Matrices using #Python for #DataScience &gt; https://t.co/TzP4EWT8Aa\n--\n#Davidpraisekalu #Art‚Ä¶,21
5907,RT @DavidPraiseKalu: Introduction to Vectors and Matrices using #Python for #DataScience &gt; https://t.co/TzP4EWT8Aa\n--\n#Davidpraisekalu #Art‚Ä¶,22
1966,RT @DavidPraiseKalu: Introduction to Vectors and Matrices using #Python for #DataScience &gt; https://t.co/TzP4EWT8Aa\n--\n#Davidpraisekalu #Art‚Ä¶,23
2778,"RT @ZLabe: This is one of my favorite visuals, especially this time of year (season transitions) - migration patterns of birds varying with‚Ä¶",24
4480,"RT @American_Bridge: Science or politics? As usual, @DanForestNC chooses politics. \n\nHe's been spreading misinformation and lies about the‚Ä¶",25
5612,"RT @roboflowAI: If you missed our Fireside Chat with @Elishatofunmi and @DataScienceNIG last week, not to fear; we've got the recording and‚Ä¶",26
8329,"RT @ScienceMagazine: #SARSCoV2 circulated undetected for several weeks in Washington State, suggests a genomic study by @trvrb et al. The s‚Ä¶",27
5860,"RT @mokowal12: Data is a very important part of science. Scientists put in blood, sweat, and tears to gather large amounts of accurate data‚Ä¶",28
4116,RT @kdnuggets: Statistics with Julia: The Free eBook - KDnuggets https://t.co/eG9UgJ14jF\nInterested in learning Julia for data science? Thi‚Ä¶,29
8526,"RT @GeorgeTakei: No, Donald. It will not ‚Äústart getting cooler‚Äù on its own. And Covid-19 will not just disappear. This is what we call ‚Äúmag‚Ä¶",30
4879,@MuricaMy @latenitephreak @schumannbot I agree.\nThere are data science analysis apps that aggregate and process dat‚Ä¶ https://t.co/Pot1d3sFgP,31
9009,RT @boriquagato: this policy is grounded in made up science (i defy anyone to show me real data showing 25% vs 50% or 100% does ANYTHING) a‚Ä¶,32
7294,With nothing better to do since I can't travel I follow the science on this pandemic. It changes daily and some new‚Ä¶ https://t.co/Knfc4k6ISI,33
53,"RT @GeorgeTakei: No, Donald. It will not ‚Äústart getting cooler‚Äù on its own. And Covid-19 will not just disappear. This is what we call ‚Äúmag‚Ä¶",34
1907,RT @ipfconline1: 10 Free Must-Read #DataScience and #MachineLearning E-Books in 2020 \n\nhttps://t.co/wKtpqqFD15 via @Brainstormingbox\nCc @sa‚Ä¶,35
2001,#FEATURED #COURSES\n\n#Machine #Learning A-Z‚Ñ¢: Hands-On #Python &amp; #R In #Data #Science\n\nLearn to create Machine Learn‚Ä¶ https://t.co/8WHYNVGULn,36
8656,"@NYGovCuomo Science has \proven\"" hypotheses. What science \""knows\"" is that proven  hypotheses can overturned as new‚Ä¶ https://t.co/EDsDsTAx8f""",37
2025,"Finance, literature, and data science: The anthropological linguistics of destructions",38
2904,"Researchers from across FAU, including collaborators in the Charles E. Schmidt College of Science, have received a‚Ä¶ https://t.co/WWJVq5IUsf",39
6221,RT @WGJBeek: Amsterdam Data Science published a blog post about how the Dutch government is using linked data innovation with @TriplyDb. ht‚Ä¶,10
4397,"Viral Issue Crucial Update Sept 8th: the Science, Logic and Data Explained! https://t.co/2HGBSWyrH7 via @YouTube @Tinibopper1985",11
7927,"RT @cold_sherry: The amount of annoyance on so many \tech people\""  faces when I said \""Data science is like statistics",12
5417,@IHME_UW Your model shows an increase in US deaths from today to October.  It's pretty obvious by looking at hospit‚Ä¶ https://t.co/Hw8LwBDqTC,13
3583,"RT @ethicsoftech: If you know of an org that needs data science/analytics work, plz let me know!",14
5457,"RT @ZLabe: This is one of my favorite visuals, especially this time of year (season transitions) - migration patterns of birds varying with‚Ä¶",15
2707,RT @markcannon5: @bradpwyble @neuro_data @MelMitchell1 @criticalneuro @blamlab @GaryMarcus If you see my other conversations you'll see I'm‚Ä¶,16
5110,"There should be an interactive website that shows videos, testimonials, maps, charts, and data about how climate ch‚Ä¶ https://t.co/i5NDfD8PvH",17
5031,"@windowsdev I'm attending #GHC20 ! Would love to chat. I'm an aspiring data scientist, doing my Masters in Data Sci‚Ä¶ https://t.co/hV9jyZdyge",18
211,"RT @fredworralldu63: Our largest study of river DOC yet: 45 years, 251 catchments (peat and mineral soil covered), 60000+ data. Significant‚Ä¶",19